Date,Year,Quarter,Month,MonthName,Day,DayOfWeek,IsWeekend,WeekOfYear
2018-01-01,2018,Q1,1,January,1,Monday,False,1
2018-01-02,2018,Q1,1,January,2,Tuesday,False,1
2018-01-03,2018,Q1,1,January,3,Wednesday,False,1
2018-01-04,2018,Q1,1,January,4,Thursday,False,1
2018-01-05,2018,Q1,1,January,5,Friday,False,1
2018-01-06,2018,Q1,1,January,6,Saturday,True,1
2018-01-07,2018,Q1,1,January,7,Sunday,True,1
2018-01-08,2018,Q1,1,January,8,Monday,False,2
2018-01-09,2018,Q1,1,January,9,Tuesday,False,2
2018-01-10,2018,Q1,1,January,10,Wednesday,False,2
2018-01-11,2018,Q1,1,January,11,Thursday,False,2
2018-01-12,2018,Q1,1,January,12,Friday,False,2
2018-01-13,2018,Q1,1,January,13,Saturday,True,2
2018-01-14,2018,Q1,1,January,14,Sunday,True,2
2018-01-15,2018,Q1,1,January,15,Monday,False,3
2018-01-16,2018,Q1,1,January,16,Tuesday,False,3
2018-01-17,2018,Q1,1,January,17,Wednesday,False,3
2018-01-18,2018,Q1,1,January,18,Thursday,False,3
2018-01-19,2018,Q1,1,January,19,Friday,False,3
2018-01-20,2018,Q1,1,January,20,Saturday,True,3
2018-01-21,2018,Q1,1,January,21,Sunday,True,3
2018-01-22,2018,Q1,1,January,22,Monday,False,4
2018-01-23,2018,Q1,1,January,23,Tuesday,False,4
2018-01-24,2018,Q1,1,January,24,Wednesday,False,4
2018-01-25,2018,Q1,1,January,25,Thursday,False,4
2018-01-26,2018,Q1,1,January,26,Friday,False,4
2018-01-27,2018,Q1,1,January,27,Saturday,True,4
2018-01-28,2018,Q1,1,January,28,Sunday,True,4
2018-01-29,2018,Q1,1,January,29,Monday,False,5
2018-01-30,2018,Q1,1,January,30,Tuesday,False,5
2018-01-31,2018,Q1,1,January,31,Wednesday,False,5
2018-02-01,2018,Q1,2,February,1,Thursday,False,5
2018-02-02,2018,Q1,2,February,2,Friday,False,5
2018-02-03,2018,Q1,2,February,3,Saturday,True,5
2018-02-04,2018,Q1,2,February,4,Sunday,True,5
2018-02-05,2018,Q1,2,February,5,Monday,False,6
2018-02-06,2018,Q1,2,February,6,Tuesday,False,6
2018-02-07,2018,Q1,2,February,7,Wednesday,False,6
2018-02-08,2018,Q1,2,February,8,Thursday,False,6
2018-02-09,2018,Q1,2,February,9,Friday,False,6
2018-02-10,2018,Q1,2,February,10,Saturday,True,6
2018-02-11,2018,Q1,2,February,11,Sunday,True,6
2018-02-12,2018,Q1,2,February,12,Monday,False,7
2018-02-13,2018,Q1,2,February,13,Tuesday,False,7
2018-02-14,2018,Q1,2,February,14,Wednesday,False,7
2018-02-15,2018,Q1,2,February,15,Thursday,False,7
2018-02-16,2018,Q1,2,February,16,Friday,False,7
2018-02-17,2018,Q1,2,February,17,Saturday,True,7
2018-02-18,2018,Q1,2,February,18,Sunday,True,7
2018-02-19,2018,Q1,2,February,19,Monday,False,8
2018-02-20,2018,Q1,2,February,20,Tuesday,False,8
2018-02-21,2018,Q1,2,February,21,Wednesday,False,8
2018-02-22,2018,Q1,2,February,22,Thursday,False,8
2018-02-23,2018,Q1,2,February,23,Friday,False,8
2018-02-24,2018,Q1,2,February,24,Saturday,True,8
2018-02-25,2018,Q1,2,February,25,Sunday,True,8
2018-02-26,2018,Q1,2,February,26,Monday,False,9
2018-02-27,2018,Q1,2,February,27,Tuesday,False,9
2018-02-28,2018,Q1,2,February,28,Wednesday,False,9
2018-03-01,2018,Q1,3,March,1,Thursday,False,9
2018-03-02,2018,Q1,3,March,2,Friday,False,9
2018-03-03,2018,Q1,3,March,3,Saturday,True,9
2018-03-04,2018,Q1,3,March,4,Sunday,True,9
2018-03-05,2018,Q1,3,March,5,Monday,False,10
2018-03-06,2018,Q1,3,March,6,Tuesday,False,10
2018-03-07,2018,Q1,3,March,7,Wednesday,False,10
2018-03-08,2018,Q1,3,March,8,Thursday,False,10
2018-03-09,2018,Q1,3,March,9,Friday,False,10
2018-03-10,2018,Q1,3,March,10,Saturday,True,10
2018-03-11,2018,Q1,3,March,11,Sunday,True,10
2018-03-12,2018,Q1,3,March,12,Monday,False,11
2018-03-13,2018,Q1,3,March,13,Tuesday,False,11
2018-03-14,2018,Q1,3,March,14,Wednesday,False,11
2018-03-15,2018,Q1,3,March,15,Thursday,False,11
2018-03-16,2018,Q1,3,March,16,Friday,False,11
2018-03-17,2018,Q1,3,March,17,Saturday,True,11
2018-03-18,2018,Q1,3,March,18,Sunday,True,11
2018-03-19,2018,Q1,3,March,19,Monday,False,12
2018-03-20,2018,Q1,3,March,20,Tuesday,False,12
2018-03-21,2018,Q1,3,March,21,Wednesday,False,12
2018-03-22,2018,Q1,3,March,22,Thursday,False,12
2018-03-23,2018,Q1,3,March,23,Friday,False,12
2018-03-24,2018,Q1,3,March,24,Saturday,True,12
2018-03-25,2018,Q1,3,March,25,Sunday,True,12
2018-03-26,2018,Q1,3,March,26,Monday,False,13
2018-03-27,2018,Q1,3,March,27,Tuesday,False,13
2018-03-28,2018,Q1,3,March,28,Wednesday,False,13
2018-03-29,2018,Q1,3,March,29,Thursday,False,13
2018-03-30,2018,Q1,3,March,30,Friday,False,13
2018-03-31,2018,Q1,3,March,31,Saturday,True,13
2018-04-01,2018,Q2,4,April,1,Sunday,True,13
2018-04-02,2018,Q2,4,April,2,Monday,False,14
2018-04-03,2018,Q2,4,April,3,Tuesday,False,14
2018-04-04,2018,Q2,4,April,4,Wednesday,False,14
2018-04-05,2018,Q2,4,April,5,Thursday,False,14
2018-04-06,2018,Q2,4,April,6,Friday,False,14
2018-04-07,2018,Q2,4,April,7,Saturday,True,14
2018-04-08,2018,Q2,4,April,8,Sunday,True,14
2018-04-09,2018,Q2,4,April,9,Monday,False,15
2018-04-10,2018,Q2,4,April,10,Tuesday,False,15
2018-04-11,2018,Q2,4,April,11,Wednesday,False,15
2018-04-12,2018,Q2,4,April,12,Thursday,False,15
2018-04-13,2018,Q2,4,April,13,Friday,False,15
2018-04-14,2018,Q2,4,April,14,Saturday,True,15
2018-04-15,2018,Q2,4,April,15,Sunday,True,15
2018-04-16,2018,Q2,4,April,16,Monday,False,16
2018-04-17,2018,Q2,4,April,17,Tuesday,False,16
2018-04-18,2018,Q2,4,April,18,Wednesday,False,16
2018-04-19,2018,Q2,4,April,19,Thursday,False,16
2018-04-20,2018,Q2,4,April,20,Friday,False,16
2018-04-21,2018,Q2,4,April,21,Saturday,True,16
2018-04-22,2018,Q2,4,April,22,Sunday,True,16
2018-04-23,2018,Q2,4,April,23,Monday,False,17
2018-04-24,2018,Q2,4,April,24,Tuesday,False,17
2018-04-25,2018,Q2,4,April,25,Wednesday,False,17
2018-04-26,2018,Q2,4,April,26,Thursday,False,17
2018-04-27,2018,Q2,4,April,27,Friday,False,17
2018-04-28,2018,Q2,4,April,28,Saturday,True,17
2018-04-29,2018,Q2,4,April,29,Sunday,True,17
2018-04-30,2018,Q2,4,April,30,Monday,False,18
2018-05-01,2018,Q2,5,May,1,Tuesday,False,18
2018-05-02,2018,Q2,5,May,2,Wednesday,False,18
2018-05-03,2018,Q2,5,May,3,Thursday,False,18
2018-05-04,2018,Q2,5,May,4,Friday,False,18
2018-05-05,2018,Q2,5,May,5,Saturday,True,18
2018-05-06,2018,Q2,5,May,6,Sunday,True,18
2018-05-07,2018,Q2,5,May,7,Monday,False,19
2018-05-08,2018,Q2,5,May,8,Tuesday,False,19
2018-05-09,2018,Q2,5,May,9,Wednesday,False,19
2018-05-10,2018,Q2,5,May,10,Thursday,False,19
2018-05-11,2018,Q2,5,May,11,Friday,False,19
2018-05-12,2018,Q2,5,May,12,Saturday,True,19
2018-05-13,2018,Q2,5,May,13,Sunday,True,19
2018-05-14,2018,Q2,5,May,14,Monday,False,20
2018-05-15,2018,Q2,5,May,15,Tuesday,False,20
2018-05-16,2018,Q2,5,May,16,Wednesday,False,20
2018-05-17,2018,Q2,5,May,17,Thursday,False,20
2018-05-18,2018,Q2,5,May,18,Friday,False,20
2018-05-19,2018,Q2,5,May,19,Saturday,True,20
2018-05-20,2018,Q2,5,May,20,Sunday,True,20
2018-05-21,2018,Q2,5,May,21,Monday,False,21
2018-05-22,2018,Q2,5,May,22,Tuesday,False,21
2018-05-23,2018,Q2,5,May,23,Wednesday,False,21
2018-05-24,2018,Q2,5,May,24,Thursday,False,21
2018-05-25,2018,Q2,5,May,25,Friday,False,21
2018-05-26,2018,Q2,5,May,26,Saturday,True,21
2018-05-27,2018,Q2,5,May,27,Sunday,True,21
2018-05-28,2018,Q2,5,May,28,Monday,False,22
2018-05-29,2018,Q2,5,May,29,Tuesday,False,22
2018-05-30,2018,Q2,5,May,30,Wednesday,False,22
2018-05-31,2018,Q2,5,May,31,Thursday,False,22
2018-06-01,2018,Q2,6,June,1,Friday,False,22
2018-06-02,2018,Q2,6,June,2,Saturday,True,22
2018-06-03,2018,Q2,6,June,3,Sunday,True,22
2018-06-04,2018,Q2,6,June,4,Monday,False,23
2018-06-05,2018,Q2,6,June,5,Tuesday,False,23
2018-06-06,2018,Q2,6,June,6,Wednesday,False,23
2018-06-07,2018,Q2,6,June,7,Thursday,False,23
2018-06-08,2018,Q2,6,June,8,Friday,False,23
2018-06-09,2018,Q2,6,June,9,Saturday,True,23
2018-06-10,2018,Q2,6,June,10,Sunday,True,23
2018-06-11,2018,Q2,6,June,11,Monday,False,24
2018-06-12,2018,Q2,6,June,12,Tuesday,False,24
2018-06-13,2018,Q2,6,June,13,Wednesday,False,24
2018-06-14,2018,Q2,6,June,14,Thursday,False,24
2018-06-15,2018,Q2,6,June,15,Friday,False,24
2018-06-16,2018,Q2,6,June,16,Saturday,True,24
2018-06-17,2018,Q2,6,June,17,Sunday,True,24
2018-06-18,2018,Q2,6,June,18,Monday,False,25
2018-06-19,2018,Q2,6,June,19,Tuesday,False,25
2018-06-20,2018,Q2,6,June,20,Wednesday,False,25
2018-06-21,2018,Q2,6,June,21,Thursday,False,25
2018-06-22,2018,Q2,6,June,22,Friday,False,25
2018-06-23,2018,Q2,6,June,23,Saturday,True,25
2018-06-24,2018,Q2,6,June,24,Sunday,True,25
2018-06-25,2018,Q2,6,June,25,Monday,False,26
2018-06-26,2018,Q2,6,June,26,Tuesday,False,26
2018-06-27,2018,Q2,6,June,27,Wednesday,False,26
2018-06-28,2018,Q2,6,June,28,Thursday,False,26
2018-06-29,2018,Q2,6,June,29,Friday,False,26
2018-06-30,2018,Q2,6,June,30,Saturday,True,26
2018-07-01,2018,Q3,7,July,1,Sunday,True,26
2018-07-02,2018,Q3,7,July,2,Monday,False,27
2018-07-03,2018,Q3,7,July,3,Tuesday,False,27
2018-07-04,2018,Q3,7,July,4,Wednesday,False,27
2018-07-05,2018,Q3,7,July,5,Thursday,False,27
2018-07-06,2018,Q3,7,July,6,Friday,False,27
2018-07-07,2018,Q3,7,July,7,Saturday,True,27
2018-07-08,2018,Q3,7,July,8,Sunday,True,27
2018-07-09,2018,Q3,7,July,9,Monday,False,28
2018-07-10,2018,Q3,7,July,10,Tuesday,False,28
2018-07-11,2018,Q3,7,July,11,Wednesday,False,28
2018-07-12,2018,Q3,7,July,12,Thursday,False,28
2018-07-13,2018,Q3,7,July,13,Friday,False,28
2018-07-14,2018,Q3,7,July,14,Saturday,True,28
2018-07-15,2018,Q3,7,July,15,Sunday,True,28
2018-07-16,2018,Q3,7,July,16,Monday,False,29
2018-07-17,2018,Q3,7,July,17,Tuesday,False,29
2018-07-18,2018,Q3,7,July,18,Wednesday,False,29
2018-07-19,2018,Q3,7,July,19,Thursday,False,29
2018-07-20,2018,Q3,7,July,20,Friday,False,29
2018-07-21,2018,Q3,7,July,21,Saturday,True,29
2018-07-22,2018,Q3,7,July,22,Sunday,True,29
2018-07-23,2018,Q3,7,July,23,Monday,False,30
2018-07-24,2018,Q3,7,July,24,Tuesday,False,30
2018-07-25,2018,Q3,7,July,25,Wednesday,False,30
2018-07-26,2018,Q3,7,July,26,Thursday,False,30
2018-07-27,2018,Q3,7,July,27,Friday,False,30
2018-07-28,2018,Q3,7,July,28,Saturday,True,30
2018-07-29,2018,Q3,7,July,29,Sunday,True,30
2018-07-30,2018,Q3,7,July,30,Monday,False,31
2018-07-31,2018,Q3,7,July,31,Tuesday,False,31
2018-08-01,2018,Q3,8,August,1,Wednesday,False,31
2018-08-02,2018,Q3,8,August,2,Thursday,False,31
2018-08-03,2018,Q3,8,August,3,Friday,False,31
2018-08-04,2018,Q3,8,August,4,Saturday,True,31
2018-08-05,2018,Q3,8,August,5,Sunday,True,31
2018-08-06,2018,Q3,8,August,6,Monday,False,32
2018-08-07,2018,Q3,8,August,7,Tuesday,False,32
2018-08-08,2018,Q3,8,August,8,Wednesday,False,32
2018-08-09,2018,Q3,8,August,9,Thursday,False,32
2018-08-10,2018,Q3,8,August,10,Friday,False,32
2018-08-11,2018,Q3,8,August,11,Saturday,True,32
2018-08-12,2018,Q3,8,August,12,Sunday,True,32
2018-08-13,2018,Q3,8,August,13,Monday,False,33
2018-08-14,2018,Q3,8,August,14,Tuesday,False,33
2018-08-15,2018,Q3,8,August,15,Wednesday,False,33
2018-08-16,2018,Q3,8,August,16,Thursday,False,33
2018-08-17,2018,Q3,8,August,17,Friday,False,33
2018-08-18,2018,Q3,8,August,18,Saturday,True,33
2018-08-19,2018,Q3,8,August,19,Sunday,True,33
2018-08-20,2018,Q3,8,August,20,Monday,False,34
2018-08-21,2018,Q3,8,August,21,Tuesday,False,34
2018-08-22,2018,Q3,8,August,22,Wednesday,False,34
2018-08-23,2018,Q3,8,August,23,Thursday,False,34
2018-08-24,2018,Q3,8,August,24,Friday,False,34
2018-08-25,2018,Q3,8,August,25,Saturday,True,34
2018-08-26,2018,Q3,8,August,26,Sunday,True,34
2018-08-27,2018,Q3,8,August,27,Monday,False,35
2018-08-28,2018,Q3,8,August,28,Tuesday,False,35
2018-08-29,2018,Q3,8,August,29,Wednesday,False,35
2018-08-30,2018,Q3,8,August,30,Thursday,False,35
2018-08-31,2018,Q3,8,August,31,Friday,False,35
2018-09-01,2018,Q3,9,September,1,Saturday,True,35
2018-09-02,2018,Q3,9,September,2,Sunday,True,35
2018-09-03,2018,Q3,9,September,3,Monday,False,36
2018-09-04,2018,Q3,9,September,4,Tuesday,False,36
2018-09-05,2018,Q3,9,September,5,Wednesday,False,36
2018-09-06,2018,Q3,9,September,6,Thursday,False,36
2018-09-07,2018,Q3,9,September,7,Friday,False,36
2018-09-08,2018,Q3,9,September,8,Saturday,True,36
2018-09-09,2018,Q3,9,September,9,Sunday,True,36
2018-09-10,2018,Q3,9,September,10,Monday,False,37
2018-09-11,2018,Q3,9,September,11,Tuesday,False,37
2018-09-12,2018,Q3,9,September,12,Wednesday,False,37
2018-09-13,2018,Q3,9,September,13,Thursday,False,37
2018-09-14,2018,Q3,9,September,14,Friday,False,37
2018-09-15,2018,Q3,9,September,15,Saturday,True,37
2018-09-16,2018,Q3,9,September,16,Sunday,True,37
2018-09-17,2018,Q3,9,September,17,Monday,False,38
2018-09-18,2018,Q3,9,September,18,Tuesday,False,38
2018-09-19,2018,Q3,9,September,19,Wednesday,False,38
2018-09-20,2018,Q3,9,September,20,Thursday,False,38
2018-09-21,2018,Q3,9,September,21,Friday,False,38
2018-09-22,2018,Q3,9,September,22,Saturday,True,38
2018-09-23,2018,Q3,9,September,23,Sunday,True,38
2018-09-24,2018,Q3,9,September,24,Monday,False,39
2018-09-25,2018,Q3,9,September,25,Tuesday,False,39
2018-09-26,2018,Q3,9,September,26,Wednesday,False,39
2018-09-27,2018,Q3,9,September,27,Thursday,False,39
2018-09-28,2018,Q3,9,September,28,Friday,False,39
2018-09-29,2018,Q3,9,September,29,Saturday,True,39
2018-09-30,2018,Q3,9,September,30,Sunday,True,39
2018-10-01,2018,Q4,10,October,1,Monday,False,40
2018-10-02,2018,Q4,10,October,2,Tuesday,False,40
2018-10-03,2018,Q4,10,October,3,Wednesday,False,40
2018-10-04,2018,Q4,10,October,4,Thursday,False,40
2018-10-05,2018,Q4,10,October,5,Friday,False,40
2018-10-06,2018,Q4,10,October,6,Saturday,True,40
2018-10-07,2018,Q4,10,October,7,Sunday,True,40
2018-10-08,2018,Q4,10,October,8,Monday,False,41
2018-10-09,2018,Q4,10,October,9,Tuesday,False,41
2018-10-10,2018,Q4,10,October,10,Wednesday,False,41
2018-10-11,2018,Q4,10,October,11,Thursday,False,41
2018-10-12,2018,Q4,10,October,12,Friday,False,41
2018-10-13,2018,Q4,10,October,13,Saturday,True,41
2018-10-14,2018,Q4,10,October,14,Sunday,True,41
2018-10-15,2018,Q4,10,October,15,Monday,False,42
2018-10-16,2018,Q4,10,October,16,Tuesday,False,42
2018-10-17,2018,Q4,10,October,17,Wednesday,False,42
2018-10-18,2018,Q4,10,October,18,Thursday,False,42
2018-10-19,2018,Q4,10,October,19,Friday,False,42
2018-10-20,2018,Q4,10,October,20,Saturday,True,42
2018-10-21,2018,Q4,10,October,21,Sunday,True,42
2018-10-22,2018,Q4,10,October,22,Monday,False,43
2018-10-23,2018,Q4,10,October,23,Tuesday,False,43
2018-10-24,2018,Q4,10,October,24,Wednesday,False,43
2018-10-25,2018,Q4,10,October,25,Thursday,False,43
2018-10-26,2018,Q4,10,October,26,Friday,False,43
2018-10-27,2018,Q4,10,October,27,Saturday,True,43
2018-10-28,2018,Q4,10,October,28,Sunday,True,43
2018-10-29,2018,Q4,10,October,29,Monday,False,44
2018-10-30,2018,Q4,10,October,30,Tuesday,False,44
2018-10-31,2018,Q4,10,October,31,Wednesday,False,44
2018-11-01,2018,Q4,11,November,1,Thursday,False,44
2018-11-02,2018,Q4,11,November,2,Friday,False,44
2018-11-03,2018,Q4,11,November,3,Saturday,True,44
2018-11-04,2018,Q4,11,November,4,Sunday,True,44
2018-11-05,2018,Q4,11,November,5,Monday,False,45
2018-11-06,2018,Q4,11,November,6,Tuesday,False,45
2018-11-07,2018,Q4,11,November,7,Wednesday,False,45
2018-11-08,2018,Q4,11,November,8,Thursday,False,45
2018-11-09,2018,Q4,11,November,9,Friday,False,45
2018-11-10,2018,Q4,11,November,10,Saturday,True,45
2018-11-11,2018,Q4,11,November,11,Sunday,True,45
2018-11-12,2018,Q4,11,November,12,Monday,False,46
2018-11-13,2018,Q4,11,November,13,Tuesday,False,46
2018-11-14,2018,Q4,11,November,14,Wednesday,False,46
2018-11-15,2018,Q4,11,November,15,Thursday,False,46
2018-11-16,2018,Q4,11,November,16,Friday,False,46
2018-11-17,2018,Q4,11,November,17,Saturday,True,46
2018-11-18,2018,Q4,11,November,18,Sunday,True,46
2018-11-19,2018,Q4,11,November,19,Monday,False,47
2018-11-20,2018,Q4,11,November,20,Tuesday,False,47
2018-11-21,2018,Q4,11,November,21,Wednesday,False,47
2018-11-22,2018,Q4,11,November,22,Thursday,False,47
2018-11-23,2018,Q4,11,November,23,Friday,False,47
2018-11-24,2018,Q4,11,November,24,Saturday,True,47
2018-11-25,2018,Q4,11,November,25,Sunday,True,47
2018-11-26,2018,Q4,11,November,26,Monday,False,48
2018-11-27,2018,Q4,11,November,27,Tuesday,False,48
2018-11-28,2018,Q4,11,November,28,Wednesday,False,48
2018-11-29,2018,Q4,11,November,29,Thursday,False,48
2018-11-30,2018,Q4,11,November,30,Friday,False,48
2018-12-01,2018,Q4,12,December,1,Saturday,True,48
2018-12-02,2018,Q4,12,December,2,Sunday,True,48
2018-12-03,2018,Q4,12,December,3,Monday,False,49
2018-12-04,2018,Q4,12,December,4,Tuesday,False,49
2018-12-05,2018,Q4,12,December,5,Wednesday,False,49
2018-12-06,2018,Q4,12,December,6,Thursday,False,49
2018-12-07,2018,Q4,12,December,7,Friday,False,49
2018-12-08,2018,Q4,12,December,8,Saturday,True,49
2018-12-09,2018,Q4,12,December,9,Sunday,True,49
2018-12-10,2018,Q4,12,December,10,Monday,False,50
2018-12-11,2018,Q4,12,December,11,Tuesday,False,50
2018-12-12,2018,Q4,12,December,12,Wednesday,False,50
2018-12-13,2018,Q4,12,December,13,Thursday,False,50
2018-12-14,2018,Q4,12,December,14,Friday,False,50
2018-12-15,2018,Q4,12,December,15,Saturday,True,50
2018-12-16,2018,Q4,12,December,16,Sunday,True,50
2018-12-17,2018,Q4,12,December,17,Monday,False,51
2018-12-18,2018,Q4,12,December,18,Tuesday,False,51
2018-12-19,2018,Q4,12,December,19,Wednesday,False,51
2018-12-20,2018,Q4,12,December,20,Thursday,False,51
2018-12-21,2018,Q4,12,December,21,Friday,False,51
2018-12-22,2018,Q4,12,December,22,Saturday,True,51
2018-12-23,2018,Q4,12,December,23,Sunday,True,51
2018-12-24,2018,Q4,12,December,24,Monday,False,52
2018-12-25,2018,Q4,12,December,25,Tuesday,False,52
2018-12-26,2018,Q4,12,December,26,Wednesday,False,52
2018-12-27,2018,Q4,12,December,27,Thursday,False,52
2018-12-28,2018,Q4,12,December,28,Friday,False,52
2018-12-29,2018,Q4,12,December,29,Saturday,True,52
2018-12-30,2018,Q4,12,December,30,Sunday,True,52
2018-12-31,2018,Q4,12,December,31,Monday,False,1
2019-01-01,2019,Q1,1,January,1,Tuesday,False,1
2019-01-02,2019,Q1,1,January,2,Wednesday,False,1
2019-01-03,2019,Q1,1,January,3,Thursday,False,1
2019-01-04,2019,Q1,1,January,4,Friday,False,1
2019-01-05,2019,Q1,1,January,5,Saturday,True,1
2019-01-06,2019,Q1,1,January,6,Sunday,True,1
2019-01-07,2019,Q1,1,January,7,Monday,False,2
2019-01-08,2019,Q1,1,January,8,Tuesday,False,2
2019-01-09,2019,Q1,1,January,9,Wednesday,False,2
2019-01-10,2019,Q1,1,January,10,Thursday,False,2
2019-01-11,2019,Q1,1,January,11,Friday,False,2
2019-01-12,2019,Q1,1,January,12,Saturday,True,2
2019-01-13,2019,Q1,1,January,13,Sunday,True,2
2019-01-14,2019,Q1,1,January,14,Monday,False,3
2019-01-15,2019,Q1,1,January,15,Tuesday,False,3
2019-01-16,2019,Q1,1,January,16,Wednesday,False,3
2019-01-17,2019,Q1,1,January,17,Thursday,False,3
2019-01-18,2019,Q1,1,January,18,Friday,False,3
2019-01-19,2019,Q1,1,January,19,Saturday,True,3
2019-01-20,2019,Q1,1,January,20,Sunday,True,3
2019-01-21,2019,Q1,1,January,21,Monday,False,4
2019-01-22,2019,Q1,1,January,22,Tuesday,False,4
2019-01-23,2019,Q1,1,January,23,Wednesday,False,4
2019-01-24,2019,Q1,1,January,24,Thursday,False,4
2019-01-25,2019,Q1,1,January,25,Friday,False,4
2019-01-26,2019,Q1,1,January,26,Saturday,True,4
2019-01-27,2019,Q1,1,January,27,Sunday,True,4
2019-01-28,2019,Q1,1,January,28,Monday,False,5
2019-01-29,2019,Q1,1,January,29,Tuesday,False,5
2019-01-30,2019,Q1,1,January,30,Wednesday,False,5
2019-01-31,2019,Q1,1,January,31,Thursday,False,5
2019-02-01,2019,Q1,2,February,1,Friday,False,5
2019-02-02,2019,Q1,2,February,2,Saturday,True,5
2019-02-03,2019,Q1,2,February,3,Sunday,True,5
2019-02-04,2019,Q1,2,February,4,Monday,False,6
2019-02-05,2019,Q1,2,February,5,Tuesday,False,6
2019-02-06,2019,Q1,2,February,6,Wednesday,False,6
2019-02-07,2019,Q1,2,February,7,Thursday,False,6
2019-02-08,2019,Q1,2,February,8,Friday,False,6
2019-02-09,2019,Q1,2,February,9,Saturday,True,6
2019-02-10,2019,Q1,2,February,10,Sunday,True,6
2019-02-11,2019,Q1,2,February,11,Monday,False,7
2019-02-12,2019,Q1,2,February,12,Tuesday,False,7
2019-02-13,2019,Q1,2,February,13,Wednesday,False,7
2019-02-14,2019,Q1,2,February,14,Thursday,False,7
2019-02-15,2019,Q1,2,February,15,Friday,False,7
2019-02-16,2019,Q1,2,February,16,Saturday,True,7
2019-02-17,2019,Q1,2,February,17,Sunday,True,7
2019-02-18,2019,Q1,2,February,18,Monday,False,8
2019-02-19,2019,Q1,2,February,19,Tuesday,False,8
2019-02-20,2019,Q1,2,February,20,Wednesday,False,8
2019-02-21,2019,Q1,2,February,21,Thursday,False,8
2019-02-22,2019,Q1,2,February,22,Friday,False,8
2019-02-23,2019,Q1,2,February,23,Saturday,True,8
2019-02-24,2019,Q1,2,February,24,Sunday,True,8
2019-02-25,2019,Q1,2,February,25,Monday,False,9
2019-02-26,2019,Q1,2,February,26,Tuesday,False,9
2019-02-27,2019,Q1,2,February,27,Wednesday,False,9
2019-02-28,2019,Q1,2,February,28,Thursday,False,9
2019-03-01,2019,Q1,3,March,1,Friday,False,9
2019-03-02,2019,Q1,3,March,2,Saturday,True,9
2019-03-03,2019,Q1,3,March,3,Sunday,True,9
2019-03-04,2019,Q1,3,March,4,Monday,False,10
2019-03-05,2019,Q1,3,March,5,Tuesday,False,10
2019-03-06,2019,Q1,3,March,6,Wednesday,False,10
2019-03-07,2019,Q1,3,March,7,Thursday,False,10
2019-03-08,2019,Q1,3,March,8,Friday,False,10
2019-03-09,2019,Q1,3,March,9,Saturday,True,10
2019-03-10,2019,Q1,3,March,10,Sunday,True,10
2019-03-11,2019,Q1,3,March,11,Monday,False,11
2019-03-12,2019,Q1,3,March,12,Tuesday,False,11
2019-03-13,2019,Q1,3,March,13,Wednesday,False,11
2019-03-14,2019,Q1,3,March,14,Thursday,False,11
2019-03-15,2019,Q1,3,March,15,Friday,False,11
2019-03-16,2019,Q1,3,March,16,Saturday,True,11
2019-03-17,2019,Q1,3,March,17,Sunday,True,11
2019-03-18,2019,Q1,3,March,18,Monday,False,12
2019-03-19,2019,Q1,3,March,19,Tuesday,False,12
2019-03-20,2019,Q1,3,March,20,Wednesday,False,12
2019-03-21,2019,Q1,3,March,21,Thursday,False,12
2019-03-22,2019,Q1,3,March,22,Friday,False,12
2019-03-23,2019,Q1,3,March,23,Saturday,True,12
2019-03-24,2019,Q1,3,March,24,Sunday,True,12
2019-03-25,2019,Q1,3,March,25,Monday,False,13
2019-03-26,2019,Q1,3,March,26,Tuesday,False,13
2019-03-27,2019,Q1,3,March,27,Wednesday,False,13
2019-03-28,2019,Q1,3,March,28,Thursday,False,13
2019-03-29,2019,Q1,3,March,29,Friday,False,13
2019-03-30,2019,Q1,3,March,30,Saturday,True,13
2019-03-31,2019,Q1,3,March,31,Sunday,True,13
2019-04-01,2019,Q2,4,April,1,Monday,False,14
2019-04-02,2019,Q2,4,April,2,Tuesday,False,14
2019-04-03,2019,Q2,4,April,3,Wednesday,False,14
2019-04-04,2019,Q2,4,April,4,Thursday,False,14
2019-04-05,2019,Q2,4,April,5,Friday,False,14
2019-04-06,2019,Q2,4,April,6,Saturday,True,14
2019-04-07,2019,Q2,4,April,7,Sunday,True,14
2019-04-08,2019,Q2,4,April,8,Monday,False,15
2019-04-09,2019,Q2,4,April,9,Tuesday,False,15
2019-04-10,2019,Q2,4,April,10,Wednesday,False,15
2019-04-11,2019,Q2,4,April,11,Thursday,False,15
2019-04-12,2019,Q2,4,April,12,Friday,False,15
2019-04-13,2019,Q2,4,April,13,Saturday,True,15
2019-04-14,2019,Q2,4,April,14,Sunday,True,15
2019-04-15,2019,Q2,4,April,15,Monday,False,16
2019-04-16,2019,Q2,4,April,16,Tuesday,False,16
2019-04-17,2019,Q2,4,April,17,Wednesday,False,16
2019-04-18,2019,Q2,4,April,18,Thursday,False,16
2019-04-19,2019,Q2,4,April,19,Friday,False,16
2019-04-20,2019,Q2,4,April,20,Saturday,True,16
2019-04-21,2019,Q2,4,April,21,Sunday,True,16
2019-04-22,2019,Q2,4,April,22,Monday,False,17
2019-04-23,2019,Q2,4,April,23,Tuesday,False,17
2019-04-24,2019,Q2,4,April,24,Wednesday,False,17
2019-04-25,2019,Q2,4,April,25,Thursday,False,17
2019-04-26,2019,Q2,4,April,26,Friday,False,17
2019-04-27,2019,Q2,4,April,27,Saturday,True,17
2019-04-28,2019,Q2,4,April,28,Sunday,True,17
2019-04-29,2019,Q2,4,April,29,Monday,False,18
2019-04-30,2019,Q2,4,April,30,Tuesday,False,18
2019-05-01,2019,Q2,5,May,1,Wednesday,False,18
2019-05-02,2019,Q2,5,May,2,Thursday,False,18
2019-05-03,2019,Q2,5,May,3,Friday,False,18
2019-05-04,2019,Q2,5,May,4,Saturday,True,18
2019-05-05,2019,Q2,5,May,5,Sunday,True,18
2019-05-06,2019,Q2,5,May,6,Monday,False,19
2019-05-07,2019,Q2,5,May,7,Tuesday,False,19
2019-05-08,2019,Q2,5,May,8,Wednesday,False,19
2019-05-09,2019,Q2,5,May,9,Thursday,False,19
2019-05-10,2019,Q2,5,May,10,Friday,False,19
2019-05-11,2019,Q2,5,May,11,Saturday,True,19
2019-05-12,2019,Q2,5,May,12,Sunday,True,19
2019-05-13,2019,Q2,5,May,13,Monday,False,20
2019-05-14,2019,Q2,5,May,14,Tuesday,False,20
2019-05-15,2019,Q2,5,May,15,Wednesday,False,20
2019-05-16,2019,Q2,5,May,16,Thursday,False,20
2019-05-17,2019,Q2,5,May,17,Friday,False,20
2019-05-18,2019,Q2,5,May,18,Saturday,True,20
2019-05-19,2019,Q2,5,May,19,Sunday,True,20
2019-05-20,2019,Q2,5,May,20,Monday,False,21
2019-05-21,2019,Q2,5,May,21,Tuesday,False,21
2019-05-22,2019,Q2,5,May,22,Wednesday,False,21
2019-05-23,2019,Q2,5,May,23,Thursday,False,21
2019-05-24,2019,Q2,5,May,24,Friday,False,21
2019-05-25,2019,Q2,5,May,25,Saturday,True,21
2019-05-26,2019,Q2,5,May,26,Sunday,True,21
2019-05-27,2019,Q2,5,May,27,Monday,False,22
2019-05-28,2019,Q2,5,May,28,Tuesday,False,22
2019-05-29,2019,Q2,5,May,29,Wednesday,False,22
2019-05-30,2019,Q2,5,May,30,Thursday,False,22
2019-05-31,2019,Q2,5,May,31,Friday,False,22
2019-06-01,2019,Q2,6,June,1,Saturday,True,22
2019-06-02,2019,Q2,6,June,2,Sunday,True,22
2019-06-03,2019,Q2,6,June,3,Monday,False,23
2019-06-04,2019,Q2,6,June,4,Tuesday,False,23
2019-06-05,2019,Q2,6,June,5,Wednesday,False,23
2019-06-06,2019,Q2,6,June,6,Thursday,False,23
2019-06-07,2019,Q2,6,June,7,Friday,False,23
2019-06-08,2019,Q2,6,June,8,Saturday,True,23
2019-06-09,2019,Q2,6,June,9,Sunday,True,23
2019-06-10,2019,Q2,6,June,10,Monday,False,24
2019-06-11,2019,Q2,6,June,11,Tuesday,False,24
2019-06-12,2019,Q2,6,June,12,Wednesday,False,24
2019-06-13,2019,Q2,6,June,13,Thursday,False,24
2019-06-14,2019,Q2,6,June,14,Friday,False,24
2019-06-15,2019,Q2,6,June,15,Saturday,True,24
2019-06-16,2019,Q2,6,June,16,Sunday,True,24
2019-06-17,2019,Q2,6,June,17,Monday,False,25
2019-06-18,2019,Q2,6,June,18,Tuesday,False,25
2019-06-19,2019,Q2,6,June,19,Wednesday,False,25
2019-06-20,2019,Q2,6,June,20,Thursday,False,25
2019-06-21,2019,Q2,6,June,21,Friday,False,25
2019-06-22,2019,Q2,6,June,22,Saturday,True,25
2019-06-23,2019,Q2,6,June,23,Sunday,True,25
2019-06-24,2019,Q2,6,June,24,Monday,False,26
2019-06-25,2019,Q2,6,June,25,Tuesday,False,26
2019-06-26,2019,Q2,6,June,26,Wednesday,False,26
2019-06-27,2019,Q2,6,June,27,Thursday,False,26
2019-06-28,2019,Q2,6,June,28,Friday,False,26
2019-06-29,2019,Q2,6,June,29,Saturday,True,26
2019-06-30,2019,Q2,6,June,30,Sunday,True,26
2019-07-01,2019,Q3,7,July,1,Monday,False,27
2019-07-02,2019,Q3,7,July,2,Tuesday,False,27
2019-07-03,2019,Q3,7,July,3,Wednesday,False,27
2019-07-04,2019,Q3,7,July,4,Thursday,False,27
2019-07-05,2019,Q3,7,July,5,Friday,False,27
2019-07-06,2019,Q3,7,July,6,Saturday,True,27
2019-07-07,2019,Q3,7,July,7,Sunday,True,27
2019-07-08,2019,Q3,7,July,8,Monday,False,28
2019-07-09,2019,Q3,7,July,9,Tuesday,False,28
2019-07-10,2019,Q3,7,July,10,Wednesday,False,28
2019-07-11,2019,Q3,7,July,11,Thursday,False,28
2019-07-12,2019,Q3,7,July,12,Friday,False,28
2019-07-13,2019,Q3,7,July,13,Saturday,True,28
2019-07-14,2019,Q3,7,July,14,Sunday,True,28
2019-07-15,2019,Q3,7,July,15,Monday,False,29
2019-07-16,2019,Q3,7,July,16,Tuesday,False,29
2019-07-17,2019,Q3,7,July,17,Wednesday,False,29
2019-07-18,2019,Q3,7,July,18,Thursday,False,29
2019-07-19,2019,Q3,7,July,19,Friday,False,29
2019-07-20,2019,Q3,7,July,20,Saturday,True,29
2019-07-21,2019,Q3,7,July,21,Sunday,True,29
2019-07-22,2019,Q3,7,July,22,Monday,False,30
2019-07-23,2019,Q3,7,July,23,Tuesday,False,30
2019-07-24,2019,Q3,7,July,24,Wednesday,False,30
2019-07-25,2019,Q3,7,July,25,Thursday,False,30
2019-07-26,2019,Q3,7,July,26,Friday,False,30
2019-07-27,2019,Q3,7,July,27,Saturday,True,30
2019-07-28,2019,Q3,7,July,28,Sunday,True,30
2019-07-29,2019,Q3,7,July,29,Monday,False,31
2019-07-30,2019,Q3,7,July,30,Tuesday,False,31
2019-07-31,2019,Q3,7,July,31,Wednesday,False,31
2019-08-01,2019,Q3,8,August,1,Thursday,False,31
2019-08-02,2019,Q3,8,August,2,Friday,False,31
2019-08-03,2019,Q3,8,August,3,Saturday,True,31
2019-08-04,2019,Q3,8,August,4,Sunday,True,31
2019-08-05,2019,Q3,8,August,5,Monday,False,32
2019-08-06,2019,Q3,8,August,6,Tuesday,False,32
2019-08-07,2019,Q3,8,August,7,Wednesday,False,32
2019-08-08,2019,Q3,8,August,8,Thursday,False,32
2019-08-09,2019,Q3,8,August,9,Friday,False,32
2019-08-10,2019,Q3,8,August,10,Saturday,True,32
2019-08-11,2019,Q3,8,August,11,Sunday,True,32
2019-08-12,2019,Q3,8,August,12,Monday,False,33
2019-08-13,2019,Q3,8,August,13,Tuesday,False,33
2019-08-14,2019,Q3,8,August,14,Wednesday,False,33
2019-08-15,2019,Q3,8,August,15,Thursday,False,33
2019-08-16,2019,Q3,8,August,16,Friday,False,33
2019-08-17,2019,Q3,8,August,17,Saturday,True,33
2019-08-18,2019,Q3,8,August,18,Sunday,True,33
2019-08-19,2019,Q3,8,August,19,Monday,False,34
2019-08-20,2019,Q3,8,August,20,Tuesday,False,34
2019-08-21,2019,Q3,8,August,21,Wednesday,False,34
2019-08-22,2019,Q3,8,August,22,Thursday,False,34
2019-08-23,2019,Q3,8,August,23,Friday,False,34
2019-08-24,2019,Q3,8,August,24,Saturday,True,34
2019-08-25,2019,Q3,8,August,25,Sunday,True,34
2019-08-26,2019,Q3,8,August,26,Monday,False,35
2019-08-27,2019,Q3,8,August,27,Tuesday,False,35
2019-08-28,2019,Q3,8,August,28,Wednesday,False,35
2019-08-29,2019,Q3,8,August,29,Thursday,False,35
2019-08-30,2019,Q3,8,August,30,Friday,False,35
2019-08-31,2019,Q3,8,August,31,Saturday,True,35
2019-09-01,2019,Q3,9,September,1,Sunday,True,35
2019-09-02,2019,Q3,9,September,2,Monday,False,36
2019-09-03,2019,Q3,9,September,3,Tuesday,False,36
2019-09-04,2019,Q3,9,September,4,Wednesday,False,36
2019-09-05,2019,Q3,9,September,5,Thursday,False,36
2019-09-06,2019,Q3,9,September,6,Friday,False,36
2019-09-07,2019,Q3,9,September,7,Saturday,True,36
2019-09-08,2019,Q3,9,September,8,Sunday,True,36
2019-09-09,2019,Q3,9,September,9,Monday,False,37
2019-09-10,2019,Q3,9,September,10,Tuesday,False,37
2019-09-11,2019,Q3,9,September,11,Wednesday,False,37
2019-09-12,2019,Q3,9,September,12,Thursday,False,37
2019-09-13,2019,Q3,9,September,13,Friday,False,37
2019-09-14,2019,Q3,9,September,14,Saturday,True,37
2019-09-15,2019,Q3,9,September,15,Sunday,True,37
2019-09-16,2019,Q3,9,September,16,Monday,False,38
2019-09-17,2019,Q3,9,September,17,Tuesday,False,38
2019-09-18,2019,Q3,9,September,18,Wednesday,False,38
2019-09-19,2019,Q3,9,September,19,Thursday,False,38
2019-09-20,2019,Q3,9,September,20,Friday,False,38
2019-09-21,2019,Q3,9,September,21,Saturday,True,38
2019-09-22,2019,Q3,9,September,22,Sunday,True,38
2019-09-23,2019,Q3,9,September,23,Monday,False,39
2019-09-24,2019,Q3,9,September,24,Tuesday,False,39
2019-09-25,2019,Q3,9,September,25,Wednesday,False,39
2019-09-26,2019,Q3,9,September,26,Thursday,False,39
2019-09-27,2019,Q3,9,September,27,Friday,False,39
2019-09-28,2019,Q3,9,September,28,Saturday,True,39
2019-09-29,2019,Q3,9,September,29,Sunday,True,39
2019-09-30,2019,Q3,9,September,30,Monday,False,40
2019-10-01,2019,Q4,10,October,1,Tuesday,False,40
2019-10-02,2019,Q4,10,October,2,Wednesday,False,40
2019-10-03,2019,Q4,10,October,3,Thursday,False,40
2019-10-04,2019,Q4,10,October,4,Friday,False,40
2019-10-05,2019,Q4,10,October,5,Saturday,True,40
2019-10-06,2019,Q4,10,October,6,Sunday,True,40
2019-10-07,2019,Q4,10,October,7,Monday,False,41
2019-10-08,2019,Q4,10,October,8,Tuesday,False,41
2019-10-09,2019,Q4,10,October,9,Wednesday,False,41
2019-10-10,2019,Q4,10,October,10,Thursday,False,41
2019-10-11,2019,Q4,10,October,11,Friday,False,41
2019-10-12,2019,Q4,10,October,12,Saturday,True,41
2019-10-13,2019,Q4,10,October,13,Sunday,True,41
2019-10-14,2019,Q4,10,October,14,Monday,False,42
2019-10-15,2019,Q4,10,October,15,Tuesday,False,42
2019-10-16,2019,Q4,10,October,16,Wednesday,False,42
2019-10-17,2019,Q4,10,October,17,Thursday,False,42
2019-10-18,2019,Q4,10,October,18,Friday,False,42
2019-10-19,2019,Q4,10,October,19,Saturday,True,42
2019-10-20,2019,Q4,10,October,20,Sunday,True,42
2019-10-21,2019,Q4,10,October,21,Monday,False,43
2019-10-22,2019,Q4,10,October,22,Tuesday,False,43
2019-10-23,2019,Q4,10,October,23,Wednesday,False,43
2019-10-24,2019,Q4,10,October,24,Thursday,False,43
2019-10-25,2019,Q4,10,October,25,Friday,False,43
2019-10-26,2019,Q4,10,October,26,Saturday,True,43
2019-10-27,2019,Q4,10,October,27,Sunday,True,43
2019-10-28,2019,Q4,10,October,28,Monday,False,44
2019-10-29,2019,Q4,10,October,29,Tuesday,False,44
2019-10-30,2019,Q4,10,October,30,Wednesday,False,44
2019-10-31,2019,Q4,10,October,31,Thursday,False,44
2019-11-01,2019,Q4,11,November,1,Friday,False,44
2019-11-02,2019,Q4,11,November,2,Saturday,True,44
2019-11-03,2019,Q4,11,November,3,Sunday,True,44
2019-11-04,2019,Q4,11,November,4,Monday,False,45
2019-11-05,2019,Q4,11,November,5,Tuesday,False,45
2019-11-06,2019,Q4,11,November,6,Wednesday,False,45
2019-11-07,2019,Q4,11,November,7,Thursday,False,45
2019-11-08,2019,Q4,11,November,8,Friday,False,45
2019-11-09,2019,Q4,11,November,9,Saturday,True,45
2019-11-10,2019,Q4,11,November,10,Sunday,True,45
2019-11-11,2019,Q4,11,November,11,Monday,False,46
2019-11-12,2019,Q4,11,November,12,Tuesday,False,46
2019-11-13,2019,Q4,11,November,13,Wednesday,False,46
2019-11-14,2019,Q4,11,November,14,Thursday,False,46
2019-11-15,2019,Q4,11,November,15,Friday,False,46
2019-11-16,2019,Q4,11,November,16,Saturday,True,46
2019-11-17,2019,Q4,11,November,17,Sunday,True,46
2019-11-18,2019,Q4,11,November,18,Monday,False,47
2019-11-19,2019,Q4,11,November,19,Tuesday,False,47
2019-11-20,2019,Q4,11,November,20,Wednesday,False,47
2019-11-21,2019,Q4,11,November,21,Thursday,False,47
2019-11-22,2019,Q4,11,November,22,Friday,False,47
2019-11-23,2019,Q4,11,November,23,Saturday,True,47
2019-11-24,2019,Q4,11,November,24,Sunday,True,47
2019-11-25,2019,Q4,11,November,25,Monday,False,48
2019-11-26,2019,Q4,11,November,26,Tuesday,False,48
2019-11-27,2019,Q4,11,November,27,Wednesday,False,48
2019-11-28,2019,Q4,11,November,28,Thursday,False,48
2019-11-29,2019,Q4,11,November,29,Friday,False,48
2019-11-30,2019,Q4,11,November,30,Saturday,True,48
2019-12-01,2019,Q4,12,December,1,Sunday,True,48
2019-12-02,2019,Q4,12,December,2,Monday,False,49
2019-12-03,2019,Q4,12,December,3,Tuesday,False,49
2019-12-04,2019,Q4,12,December,4,Wednesday,False,49
2019-12-05,2019,Q4,12,December,5,Thursday,False,49
2019-12-06,2019,Q4,12,December,6,Friday,False,49
2019-12-07,2019,Q4,12,December,7,Saturday,True,49
2019-12-08,2019,Q4,12,December,8,Sunday,True,49
2019-12-09,2019,Q4,12,December,9,Monday,False,50
2019-12-10,2019,Q4,12,December,10,Tuesday,False,50
2019-12-11,2019,Q4,12,December,11,Wednesday,False,50
2019-12-12,2019,Q4,12,December,12,Thursday,False,50
2019-12-13,2019,Q4,12,December,13,Friday,False,50
2019-12-14,2019,Q4,12,December,14,Saturday,True,50
2019-12-15,2019,Q4,12,December,15,Sunday,True,50
2019-12-16,2019,Q4,12,December,16,Monday,False,51
2019-12-17,2019,Q4,12,December,17,Tuesday,False,51
2019-12-18,2019,Q4,12,December,18,Wednesday,False,51
2019-12-19,2019,Q4,12,December,19,Thursday,False,51
2019-12-20,2019,Q4,12,December,20,Friday,False,51
2019-12-21,2019,Q4,12,December,21,Saturday,True,51
2019-12-22,2019,Q4,12,December,22,Sunday,True,51
2019-12-23,2019,Q4,12,December,23,Monday,False,52
2019-12-24,2019,Q4,12,December,24,Tuesday,False,52
2019-12-25,2019,Q4,12,December,25,Wednesday,False,52
2019-12-26,2019,Q4,12,December,26,Thursday,False,52
2019-12-27,2019,Q4,12,December,27,Friday,False,52
2019-12-28,2019,Q4,12,December,28,Saturday,True,52
2019-12-29,2019,Q4,12,December,29,Sunday,True,52
2019-12-30,2019,Q4,12,December,30,Monday,False,1
2019-12-31,2019,Q4,12,December,31,Tuesday,False,1
2020-01-01,2020,Q1,1,January,1,Wednesday,False,1
2020-01-02,2020,Q1,1,January,2,Thursday,False,1
2020-01-03,2020,Q1,1,January,3,Friday,False,1
2020-01-04,2020,Q1,1,January,4,Saturday,True,1
2020-01-05,2020,Q1,1,January,5,Sunday,True,1
2020-01-06,2020,Q1,1,January,6,Monday,False,2
2020-01-07,2020,Q1,1,January,7,Tuesday,False,2
2020-01-08,2020,Q1,1,January,8,Wednesday,False,2
2020-01-09,2020,Q1,1,January,9,Thursday,False,2
2020-01-10,2020,Q1,1,January,10,Friday,False,2
2020-01-11,2020,Q1,1,January,11,Saturday,True,2
2020-01-12,2020,Q1,1,January,12,Sunday,True,2
2020-01-13,2020,Q1,1,January,13,Monday,False,3
2020-01-14,2020,Q1,1,January,14,Tuesday,False,3
2020-01-15,2020,Q1,1,January,15,Wednesday,False,3
2020-01-16,2020,Q1,1,January,16,Thursday,False,3
2020-01-17,2020,Q1,1,January,17,Friday,False,3
2020-01-18,2020,Q1,1,January,18,Saturday,True,3
2020-01-19,2020,Q1,1,January,19,Sunday,True,3
2020-01-20,2020,Q1,1,January,20,Monday,False,4
2020-01-21,2020,Q1,1,January,21,Tuesday,False,4
2020-01-22,2020,Q1,1,January,22,Wednesday,False,4
2020-01-23,2020,Q1,1,January,23,Thursday,False,4
2020-01-24,2020,Q1,1,January,24,Friday,False,4
2020-01-25,2020,Q1,1,January,25,Saturday,True,4
2020-01-26,2020,Q1,1,January,26,Sunday,True,4
2020-01-27,2020,Q1,1,January,27,Monday,False,5
2020-01-28,2020,Q1,1,January,28,Tuesday,False,5
2020-01-29,2020,Q1,1,January,29,Wednesday,False,5
2020-01-30,2020,Q1,1,January,30,Thursday,False,5
2020-01-31,2020,Q1,1,January,31,Friday,False,5
2020-02-01,2020,Q1,2,February,1,Saturday,True,5
2020-02-02,2020,Q1,2,February,2,Sunday,True,5
2020-02-03,2020,Q1,2,February,3,Monday,False,6
2020-02-04,2020,Q1,2,February,4,Tuesday,False,6
2020-02-05,2020,Q1,2,February,5,Wednesday,False,6
2020-02-06,2020,Q1,2,February,6,Thursday,False,6
2020-02-07,2020,Q1,2,February,7,Friday,False,6
2020-02-08,2020,Q1,2,February,8,Saturday,True,6
2020-02-09,2020,Q1,2,February,9,Sunday,True,6
2020-02-10,2020,Q1,2,February,10,Monday,False,7
2020-02-11,2020,Q1,2,February,11,Tuesday,False,7
2020-02-12,2020,Q1,2,February,12,Wednesday,False,7
2020-02-13,2020,Q1,2,February,13,Thursday,False,7
2020-02-14,2020,Q1,2,February,14,Friday,False,7
2020-02-15,2020,Q1,2,February,15,Saturday,True,7
2020-02-16,2020,Q1,2,February,16,Sunday,True,7
2020-02-17,2020,Q1,2,February,17,Monday,False,8
2020-02-18,2020,Q1,2,February,18,Tuesday,False,8
2020-02-19,2020,Q1,2,February,19,Wednesday,False,8
2020-02-20,2020,Q1,2,February,20,Thursday,False,8
2020-02-21,2020,Q1,2,February,21,Friday,False,8
2020-02-22,2020,Q1,2,February,22,Saturday,True,8
2020-02-23,2020,Q1,2,February,23,Sunday,True,8
2020-02-24,2020,Q1,2,February,24,Monday,False,9
2020-02-25,2020,Q1,2,February,25,Tuesday,False,9
2020-02-26,2020,Q1,2,February,26,Wednesday,False,9
2020-02-27,2020,Q1,2,February,27,Thursday,False,9
2020-02-28,2020,Q1,2,February,28,Friday,False,9
2020-02-29,2020,Q1,2,February,29,Saturday,True,9
2020-03-01,2020,Q1,3,March,1,Sunday,True,9
2020-03-02,2020,Q1,3,March,2,Monday,False,10
2020-03-03,2020,Q1,3,March,3,Tuesday,False,10
2020-03-04,2020,Q1,3,March,4,Wednesday,False,10
2020-03-05,2020,Q1,3,March,5,Thursday,False,10
2020-03-06,2020,Q1,3,March,6,Friday,False,10
2020-03-07,2020,Q1,3,March,7,Saturday,True,10
2020-03-08,2020,Q1,3,March,8,Sunday,True,10
2020-03-09,2020,Q1,3,March,9,Monday,False,11
2020-03-10,2020,Q1,3,March,10,Tuesday,False,11
2020-03-11,2020,Q1,3,March,11,Wednesday,False,11
2020-03-12,2020,Q1,3,March,12,Thursday,False,11
2020-03-13,2020,Q1,3,March,13,Friday,False,11
2020-03-14,2020,Q1,3,March,14,Saturday,True,11
2020-03-15,2020,Q1,3,March,15,Sunday,True,11
2020-03-16,2020,Q1,3,March,16,Monday,False,12
2020-03-17,2020,Q1,3,March,17,Tuesday,False,12
2020-03-18,2020,Q1,3,March,18,Wednesday,False,12
2020-03-19,2020,Q1,3,March,19,Thursday,False,12
2020-03-20,2020,Q1,3,March,20,Friday,False,12
2020-03-21,2020,Q1,3,March,21,Saturday,True,12
2020-03-22,2020,Q1,3,March,22,Sunday,True,12
2020-03-23,2020,Q1,3,March,23,Monday,False,13
2020-03-24,2020,Q1,3,March,24,Tuesday,False,13
2020-03-25,2020,Q1,3,March,25,Wednesday,False,13
2020-03-26,2020,Q1,3,March,26,Thursday,False,13
2020-03-27,2020,Q1,3,March,27,Friday,False,13
2020-03-28,2020,Q1,3,March,28,Saturday,True,13
2020-03-29,2020,Q1,3,March,29,Sunday,True,13
2020-03-30,2020,Q1,3,March,30,Monday,False,14
2020-03-31,2020,Q1,3,March,31,Tuesday,False,14
2020-04-01,2020,Q2,4,April,1,Wednesday,False,14
2020-04-02,2020,Q2,4,April,2,Thursday,False,14
2020-04-03,2020,Q2,4,April,3,Friday,False,14
2020-04-04,2020,Q2,4,April,4,Saturday,True,14
2020-04-05,2020,Q2,4,April,5,Sunday,True,14
2020-04-06,2020,Q2,4,April,6,Monday,False,15
2020-04-07,2020,Q2,4,April,7,Tuesday,False,15
2020-04-08,2020,Q2,4,April,8,Wednesday,False,15
2020-04-09,2020,Q2,4,April,9,Thursday,False,15
2020-04-10,2020,Q2,4,April,10,Friday,False,15
2020-04-11,2020,Q2,4,April,11,Saturday,True,15
2020-04-12,2020,Q2,4,April,12,Sunday,True,15
2020-04-13,2020,Q2,4,April,13,Monday,False,16
2020-04-14,2020,Q2,4,April,14,Tuesday,False,16
2020-04-15,2020,Q2,4,April,15,Wednesday,False,16
2020-04-16,2020,Q2,4,April,16,Thursday,False,16
2020-04-17,2020,Q2,4,April,17,Friday,False,16
2020-04-18,2020,Q2,4,April,18,Saturday,True,16
2020-04-19,2020,Q2,4,April,19,Sunday,True,16
2020-04-20,2020,Q2,4,April,20,Monday,False,17
2020-04-21,2020,Q2,4,April,21,Tuesday,False,17
2020-04-22,2020,Q2,4,April,22,Wednesday,False,17
2020-04-23,2020,Q2,4,April,23,Thursday,False,17
2020-04-24,2020,Q2,4,April,24,Friday,False,17
2020-04-25,2020,Q2,4,April,25,Saturday,True,17
2020-04-26,2020,Q2,4,April,26,Sunday,True,17
2020-04-27,2020,Q2,4,April,27,Monday,False,18
2020-04-28,2020,Q2,4,April,28,Tuesday,False,18
2020-04-29,2020,Q2,4,April,29,Wednesday,False,18
2020-04-30,2020,Q2,4,April,30,Thursday,False,18
2020-05-01,2020,Q2,5,May,1,Friday,False,18
2020-05-02,2020,Q2,5,May,2,Saturday,True,18
2020-05-03,2020,Q2,5,May,3,Sunday,True,18
2020-05-04,2020,Q2,5,May,4,Monday,False,19
2020-05-05,2020,Q2,5,May,5,Tuesday,False,19
2020-05-06,2020,Q2,5,May,6,Wednesday,False,19
2020-05-07,2020,Q2,5,May,7,Thursday,False,19
2020-05-08,2020,Q2,5,May,8,Friday,False,19
2020-05-09,2020,Q2,5,May,9,Saturday,True,19
2020-05-10,2020,Q2,5,May,10,Sunday,True,19
2020-05-11,2020,Q2,5,May,11,Monday,False,20
2020-05-12,2020,Q2,5,May,12,Tuesday,False,20
2020-05-13,2020,Q2,5,May,13,Wednesday,False,20
2020-05-14,2020,Q2,5,May,14,Thursday,False,20
2020-05-15,2020,Q2,5,May,15,Friday,False,20
2020-05-16,2020,Q2,5,May,16,Saturday,True,20
2020-05-17,2020,Q2,5,May,17,Sunday,True,20
2020-05-18,2020,Q2,5,May,18,Monday,False,21
2020-05-19,2020,Q2,5,May,19,Tuesday,False,21
2020-05-20,2020,Q2,5,May,20,Wednesday,False,21
2020-05-21,2020,Q2,5,May,21,Thursday,False,21
2020-05-22,2020,Q2,5,May,22,Friday,False,21
2020-05-23,2020,Q2,5,May,23,Saturday,True,21
2020-05-24,2020,Q2,5,May,24,Sunday,True,21
2020-05-25,2020,Q2,5,May,25,Monday,False,22
2020-05-26,2020,Q2,5,May,26,Tuesday,False,22
2020-05-27,2020,Q2,5,May,27,Wednesday,False,22
2020-05-28,2020,Q2,5,May,28,Thursday,False,22
2020-05-29,2020,Q2,5,May,29,Friday,False,22
2020-05-30,2020,Q2,5,May,30,Saturday,True,22
2020-05-31,2020,Q2,5,May,31,Sunday,True,22
2020-06-01,2020,Q2,6,June,1,Monday,False,23
2020-06-02,2020,Q2,6,June,2,Tuesday,False,23
2020-06-03,2020,Q2,6,June,3,Wednesday,False,23
2020-06-04,2020,Q2,6,June,4,Thursday,False,23
2020-06-05,2020,Q2,6,June,5,Friday,False,23
2020-06-06,2020,Q2,6,June,6,Saturday,True,23
2020-06-07,2020,Q2,6,June,7,Sunday,True,23
2020-06-08,2020,Q2,6,June,8,Monday,False,24
2020-06-09,2020,Q2,6,June,9,Tuesday,False,24
2020-06-10,2020,Q2,6,June,10,Wednesday,False,24
2020-06-11,2020,Q2,6,June,11,Thursday,False,24
2020-06-12,2020,Q2,6,June,12,Friday,False,24
2020-06-13,2020,Q2,6,June,13,Saturday,True,24
2020-06-14,2020,Q2,6,June,14,Sunday,True,24
2020-06-15,2020,Q2,6,June,15,Monday,False,25
2020-06-16,2020,Q2,6,June,16,Tuesday,False,25
2020-06-17,2020,Q2,6,June,17,Wednesday,False,25
2020-06-18,2020,Q2,6,June,18,Thursday,False,25
2020-06-19,2020,Q2,6,June,19,Friday,False,25
2020-06-20,2020,Q2,6,June,20,Saturday,True,25
2020-06-21,2020,Q2,6,June,21,Sunday,True,25
2020-06-22,2020,Q2,6,June,22,Monday,False,26
2020-06-23,2020,Q2,6,June,23,Tuesday,False,26
2020-06-24,2020,Q2,6,June,24,Wednesday,False,26
2020-06-25,2020,Q2,6,June,25,Thursday,False,26
2020-06-26,2020,Q2,6,June,26,Friday,False,26
2020-06-27,2020,Q2,6,June,27,Saturday,True,26
2020-06-28,2020,Q2,6,June,28,Sunday,True,26
2020-06-29,2020,Q2,6,June,29,Monday,False,27
2020-06-30,2020,Q2,6,June,30,Tuesday,False,27
2020-07-01,2020,Q3,7,July,1,Wednesday,False,27
2020-07-02,2020,Q3,7,July,2,Thursday,False,27
2020-07-03,2020,Q3,7,July,3,Friday,False,27
2020-07-04,2020,Q3,7,July,4,Saturday,True,27
2020-07-05,2020,Q3,7,July,5,Sunday,True,27
2020-07-06,2020,Q3,7,July,6,Monday,False,28
2020-07-07,2020,Q3,7,July,7,Tuesday,False,28
2020-07-08,2020,Q3,7,July,8,Wednesday,False,28
2020-07-09,2020,Q3,7,July,9,Thursday,False,28
2020-07-10,2020,Q3,7,July,10,Friday,False,28
2020-07-11,2020,Q3,7,July,11,Saturday,True,28
2020-07-12,2020,Q3,7,July,12,Sunday,True,28
2020-07-13,2020,Q3,7,July,13,Monday,False,29
2020-07-14,2020,Q3,7,July,14,Tuesday,False,29
2020-07-15,2020,Q3,7,July,15,Wednesday,False,29
2020-07-16,2020,Q3,7,July,16,Thursday,False,29
2020-07-17,2020,Q3,7,July,17,Friday,False,29
2020-07-18,2020,Q3,7,July,18,Saturday,True,29
2020-07-19,2020,Q3,7,July,19,Sunday,True,29
2020-07-20,2020,Q3,7,July,20,Monday,False,30
2020-07-21,2020,Q3,7,July,21,Tuesday,False,30
2020-07-22,2020,Q3,7,July,22,Wednesday,False,30
2020-07-23,2020,Q3,7,July,23,Thursday,False,30
2020-07-24,2020,Q3,7,July,24,Friday,False,30
2020-07-25,2020,Q3,7,July,25,Saturday,True,30
2020-07-26,2020,Q3,7,July,26,Sunday,True,30
2020-07-27,2020,Q3,7,July,27,Monday,False,31
2020-07-28,2020,Q3,7,July,28,Tuesday,False,31
2020-07-29,2020,Q3,7,July,29,Wednesday,False,31
2020-07-30,2020,Q3,7,July,30,Thursday,False,31
2020-07-31,2020,Q3,7,July,31,Friday,False,31
2020-08-01,2020,Q3,8,August,1,Saturday,True,31
2020-08-02,2020,Q3,8,August,2,Sunday,True,31
2020-08-03,2020,Q3,8,August,3,Monday,False,32
2020-08-04,2020,Q3,8,August,4,Tuesday,False,32
2020-08-05,2020,Q3,8,August,5,Wednesday,False,32
2020-08-06,2020,Q3,8,August,6,Thursday,False,32
2020-08-07,2020,Q3,8,August,7,Friday,False,32
2020-08-08,2020,Q3,8,August,8,Saturday,True,32
2020-08-09,2020,Q3,8,August,9,Sunday,True,32
2020-08-10,2020,Q3,8,August,10,Monday,False,33
2020-08-11,2020,Q3,8,August,11,Tuesday,False,33
2020-08-12,2020,Q3,8,August,12,Wednesday,False,33
2020-08-13,2020,Q3,8,August,13,Thursday,False,33
2020-08-14,2020,Q3,8,August,14,Friday,False,33
2020-08-15,2020,Q3,8,August,15,Saturday,True,33
2020-08-16,2020,Q3,8,August,16,Sunday,True,33
2020-08-17,2020,Q3,8,August,17,Monday,False,34
2020-08-18,2020,Q3,8,August,18,Tuesday,False,34
2020-08-19,2020,Q3,8,August,19,Wednesday,False,34
2020-08-20,2020,Q3,8,August,20,Thursday,False,34
2020-08-21,2020,Q3,8,August,21,Friday,False,34
2020-08-22,2020,Q3,8,August,22,Saturday,True,34
2020-08-23,2020,Q3,8,August,23,Sunday,True,34
2020-08-24,2020,Q3,8,August,24,Monday,False,35
2020-08-25,2020,Q3,8,August,25,Tuesday,False,35
2020-08-26,2020,Q3,8,August,26,Wednesday,False,35
2020-08-27,2020,Q3,8,August,27,Thursday,False,35
2020-08-28,2020,Q3,8,August,28,Friday,False,35
2020-08-29,2020,Q3,8,August,29,Saturday,True,35
2020-08-30,2020,Q3,8,August,30,Sunday,True,35
2020-08-31,2020,Q3,8,August,31,Monday,False,36
2020-09-01,2020,Q3,9,September,1,Tuesday,False,36
2020-09-02,2020,Q3,9,September,2,Wednesday,False,36
2020-09-03,2020,Q3,9,September,3,Thursday,False,36
2020-09-04,2020,Q3,9,September,4,Friday,False,36
2020-09-05,2020,Q3,9,September,5,Saturday,True,36
2020-09-06,2020,Q3,9,September,6,Sunday,True,36
2020-09-07,2020,Q3,9,September,7,Monday,False,37
2020-09-08,2020,Q3,9,September,8,Tuesday,False,37
2020-09-09,2020,Q3,9,September,9,Wednesday,False,37
2020-09-10,2020,Q3,9,September,10,Thursday,False,37
2020-09-11,2020,Q3,9,September,11,Friday,False,37
2020-09-12,2020,Q3,9,September,12,Saturday,True,37
2020-09-13,2020,Q3,9,September,13,Sunday,True,37
2020-09-14,2020,Q3,9,September,14,Monday,False,38
2020-09-15,2020,Q3,9,September,15,Tuesday,False,38
2020-09-16,2020,Q3,9,September,16,Wednesday,False,38
2020-09-17,2020,Q3,9,September,17,Thursday,False,38
2020-09-18,2020,Q3,9,September,18,Friday,False,38
2020-09-19,2020,Q3,9,September,19,Saturday,True,38
2020-09-20,2020,Q3,9,September,20,Sunday,True,38
2020-09-21,2020,Q3,9,September,21,Monday,False,39
2020-09-22,2020,Q3,9,September,22,Tuesday,False,39
2020-09-23,2020,Q3,9,September,23,Wednesday,False,39
2020-09-24,2020,Q3,9,September,24,Thursday,False,39
2020-09-25,2020,Q3,9,September,25,Friday,False,39
2020-09-26,2020,Q3,9,September,26,Saturday,True,39
2020-09-27,2020,Q3,9,September,27,Sunday,True,39
2020-09-28,2020,Q3,9,September,28,Monday,False,40
2020-09-29,2020,Q3,9,September,29,Tuesday,False,40
2020-09-30,2020,Q3,9,September,30,Wednesday,False,40
2020-10-01,2020,Q4,10,October,1,Thursday,False,40
2020-10-02,2020,Q4,10,October,2,Friday,False,40
2020-10-03,2020,Q4,10,October,3,Saturday,True,40
2020-10-04,2020,Q4,10,October,4,Sunday,True,40
2020-10-05,2020,Q4,10,October,5,Monday,False,41
2020-10-06,2020,Q4,10,October,6,Tuesday,False,41
2020-10-07,2020,Q4,10,October,7,Wednesday,False,41
2020-10-08,2020,Q4,10,October,8,Thursday,False,41
2020-10-09,2020,Q4,10,October,9,Friday,False,41
2020-10-10,2020,Q4,10,October,10,Saturday,True,41
2020-10-11,2020,Q4,10,October,11,Sunday,True,41
2020-10-12,2020,Q4,10,October,12,Monday,False,42
2020-10-13,2020,Q4,10,October,13,Tuesday,False,42
2020-10-14,2020,Q4,10,October,14,Wednesday,False,42
2020-10-15,2020,Q4,10,October,15,Thursday,False,42
2020-10-16,2020,Q4,10,October,16,Friday,False,42
2020-10-17,2020,Q4,10,October,17,Saturday,True,42
2020-10-18,2020,Q4,10,October,18,Sunday,True,42
2020-10-19,2020,Q4,10,October,19,Monday,False,43
2020-10-20,2020,Q4,10,October,20,Tuesday,False,43
2020-10-21,2020,Q4,10,October,21,Wednesday,False,43
2020-10-22,2020,Q4,10,October,22,Thursday,False,43
2020-10-23,2020,Q4,10,October,23,Friday,False,43
2020-10-24,2020,Q4,10,October,24,Saturday,True,43
2020-10-25,2020,Q4,10,October,25,Sunday,True,43
2020-10-26,2020,Q4,10,October,26,Monday,False,44
2020-10-27,2020,Q4,10,October,27,Tuesday,False,44
2020-10-28,2020,Q4,10,October,28,Wednesday,False,44
2020-10-29,2020,Q4,10,October,29,Thursday,False,44
2020-10-30,2020,Q4,10,October,30,Friday,False,44
2020-10-31,2020,Q4,10,October,31,Saturday,True,44
2020-11-01,2020,Q4,11,November,1,Sunday,True,44
2020-11-02,2020,Q4,11,November,2,Monday,False,45
2020-11-03,2020,Q4,11,November,3,Tuesday,False,45
2020-11-04,2020,Q4,11,November,4,Wednesday,False,45
2020-11-05,2020,Q4,11,November,5,Thursday,False,45
2020-11-06,2020,Q4,11,November,6,Friday,False,45
2020-11-07,2020,Q4,11,November,7,Saturday,True,45
2020-11-08,2020,Q4,11,November,8,Sunday,True,45
2020-11-09,2020,Q4,11,November,9,Monday,False,46
2020-11-10,2020,Q4,11,November,10,Tuesday,False,46
2020-11-11,2020,Q4,11,November,11,Wednesday,False,46
2020-11-12,2020,Q4,11,November,12,Thursday,False,46
2020-11-13,2020,Q4,11,November,13,Friday,False,46
2020-11-14,2020,Q4,11,November,14,Saturday,True,46
2020-11-15,2020,Q4,11,November,15,Sunday,True,46
2020-11-16,2020,Q4,11,November,16,Monday,False,47
2020-11-17,2020,Q4,11,November,17,Tuesday,False,47
2020-11-18,2020,Q4,11,November,18,Wednesday,False,47
2020-11-19,2020,Q4,11,November,19,Thursday,False,47
2020-11-20,2020,Q4,11,November,20,Friday,False,47
2020-11-21,2020,Q4,11,November,21,Saturday,True,47
2020-11-22,2020,Q4,11,November,22,Sunday,True,47
2020-11-23,2020,Q4,11,November,23,Monday,False,48
2020-11-24,2020,Q4,11,November,24,Tuesday,False,48
2020-11-25,2020,Q4,11,November,25,Wednesday,False,48
2020-11-26,2020,Q4,11,November,26,Thursday,False,48
2020-11-27,2020,Q4,11,November,27,Friday,False,48
2020-11-28,2020,Q4,11,November,28,Saturday,True,48
2020-11-29,2020,Q4,11,November,29,Sunday,True,48
2020-11-30,2020,Q4,11,November,30,Monday,False,49
2020-12-01,2020,Q4,12,December,1,Tuesday,False,49
2020-12-02,2020,Q4,12,December,2,Wednesday,False,49
2020-12-03,2020,Q4,12,December,3,Thursday,False,49
2020-12-04,2020,Q4,12,December,4,Friday,False,49
2020-12-05,2020,Q4,12,December,5,Saturday,True,49
2020-12-06,2020,Q4,12,December,6,Sunday,True,49
2020-12-07,2020,Q4,12,December,7,Monday,False,50
2020-12-08,2020,Q4,12,December,8,Tuesday,False,50
2020-12-09,2020,Q4,12,December,9,Wednesday,False,50
2020-12-10,2020,Q4,12,December,10,Thursday,False,50
2020-12-11,2020,Q4,12,December,11,Friday,False,50
2020-12-12,2020,Q4,12,December,12,Saturday,True,50
2020-12-13,2020,Q4,12,December,13,Sunday,True,50
2020-12-14,2020,Q4,12,December,14,Monday,False,51
2020-12-15,2020,Q4,12,December,15,Tuesday,False,51
2020-12-16,2020,Q4,12,December,16,Wednesday,False,51
2020-12-17,2020,Q4,12,December,17,Thursday,False,51
2020-12-18,2020,Q4,12,December,18,Friday,False,51
2020-12-19,2020,Q4,12,December,19,Saturday,True,51
2020-12-20,2020,Q4,12,December,20,Sunday,True,51
2020-12-21,2020,Q4,12,December,21,Monday,False,52
2020-12-22,2020,Q4,12,December,22,Tuesday,False,52
2020-12-23,2020,Q4,12,December,23,Wednesday,False,52
2020-12-24,2020,Q4,12,December,24,Thursday,False,52
2020-12-25,2020,Q4,12,December,25,Friday,False,52
2020-12-26,2020,Q4,12,December,26,Saturday,True,52
2020-12-27,2020,Q4,12,December,27,Sunday,True,52
2020-12-28,2020,Q4,12,December,28,Monday,False,53
2020-12-29,2020,Q4,12,December,29,Tuesday,False,53
2020-12-30,2020,Q4,12,December,30,Wednesday,False,53
2020-12-31,2020,Q4,12,December,31,Thursday,False,53
